Rank,Recommended_Node_ID,Adamic_Adar_Score,Cluster_ID,PageRank,Degree_Count
1,532098,7.0135,10,0.000199,7
2,390503,5.8385,10,0.00025,12
3,337345,5.2283,10,0.000255,10
4,537111,4.7757,10,0.000231,11
5,122108,4.1206,10,0.000185,7
