Rank,Recommended_Node_ID,Adamic_Adar_Score,Cluster_ID,PageRank,Degree_Count
1,548091,1.4427,24,0.016037,549
2,31355,0.5581,48,0.000435,17
3,19542,0.5581,0,0.000249,9
4,95718,0.5581,0,0.000171,6
5,480493,0.5581,0,9.5e-05,3
